ď»żDataset;$\ell_p$;Source Model;Library;Attack Name;C1 ASR;C1 Optimality;C2 ASR;C2 Optimality;C3 ASR;C3 Optimality;C4 ASR;C4 Optimality;C5 ASR;C5 Optimality;C6  ASR;C6 Optimality;C7 ASR;C7 Optimality
cifar10;$\ell_2$;C1;Original;\hornetwrap{APGD};100.0;0.995;100.0;0.868;99.0;0.825;100.0;0.82;96.0;0.958;71.1;0.707;53.6;0.529
cifar10;$\ell_2$;C1;CleverHans;\hornetwrap{PGD};100.0;0.824;90.9;0.825;100.0;0.896;100.0;0.675;95.0;0.944;;;;
cifar10;$\ell_2$;C1;AdvLib;\hornetwrap{APGD};100.0;0.986;98.9;0.82;100.0;0.885;100.0;0.659;94.3;0.937;;;;
cifar10;$\ell_2$;C1;Foolbox;\hornetwrap{PGD};100.0;0.962;99.9;0.818;99.6;0.822;99.9;0.668;95.0;0.942;71.5;0.712;57.3;0.571
cifar10;$\ell_2$;C1;DeepRobust;\hornetwrap{FGM};98.2;0.455;85.4;0.752;98.3;0.774;91.7;0.597;97.1;0.941;45.3;0.397;48.4;0.45
cifar10;$\ell_2$;C1;Foolbox;\hornetwrap{BIM};98.1;0.47;78.3;0.698;96.9;0.738;82.7;0.55;95.7;0.92;45.3;0.398;48.9;0.452
cifar10;$\ell_2$;C1;Foolbox;\hornetwrap{FGM};98.1;0.47;78.3;0.698;96.9;0.738;82.7;0.55;95.7;0.92;;;;
cifar10;$\ell_2$;C1;ART;\hornetwrap{FGM};96.5;0.471;73.1;0.668;93.4;0.722;74.8;0.538;90.1;0.87;;;;
cifar10;$\ell_2$;C1;CleverHans;\hornetwrap{FGM};91.4;0.47;63.0;0.584;85.2;0.678;65.4;0.484;78.4;0.764;;;;
cifar10;$\ell_2$;C1;ART;\hornetwrap{BIM};100.0;0.823;33.5;0.401;89.6;0.802;36.9;0.403;48.1;0.503;;;;
cifar10;$\ell_2$;C1;ART;\hornetwrap{PGD};100.0;0.822;18.6;0.24;77.6;0.738;24.1;0.262;24.6;0.266;;;;
cifar10;$\ell_2$;C1;Torchattacks;\hornetwrap{PGD};100.0;0.0;5.1;0.073;17.1;0.194;25.0;0.299;1.6;0.018;;;;
cifar10;$\ell_2$;C1;DeepRobust;\hornetwrap{PGD};12.9;0.15;0.1;0.001;0.4;0.004;1.9;0.0;0.1;0.001;;;;
cifar10;$\ell_2$;C2;CleverHans;\hornetwrap{PGD};100.0;0.92;100.0;0.866;100.0;0.906;99.2;0.842;93.0;0.935;;;;
cifar10;$\ell_2$;C2;AdvLib;\hornetwrap{APGD};99.7;0.795;100.0;0.82;100.0;0.816;99.8;0.881;96.3;0.881;;;;
cifar10;$\ell_2$;C2;Foolbox;\hornetwrap{PGD};97.7;0.917;100.0;0.934;100.0;0.872;67.2;0.679;65.8;0.698;68.0;0.742;55.7;0.635
cifar10;$\ell_2$;C2;Original;\hornetwrap{APGD};85.6;0.76;100.0;0.958;99.9;0.866;74.0;0.707;63.0;0.633;55.9;0.593;53.7;0.612
cifar10;$\ell_2$;C2;DeepRobust;\hornetwrap{FGM};32.5;0.317;72.5;0.538;87.6;0.628;39.0;0.38;12.0;0.131;15.9;0.104;14.6;0.109
cifar10;$\ell_2$;C2;ART;\hornetwrap{BIM};17.4;0.184;87.1;0.851;83.8;0.792;20.5;0.182;6.3;0.071;;;;
cifar10;$\ell_2$;C2;Foolbox;\hornetwrap{BIM};13.2;0.141;68.5;0.609;81.3;0.733;29.1;0.281;4.7;0.054;6.2;0.0;5.3;0.0
cifar10;$\ell_2$;C2;Foolbox;\hornetwrap{FGM};13.2;0.141;68.5;0.609;81.3;0.733;29.1;0.28;4.7;0.054;;;;
cifar10;$\ell_2$;C2;CleverHans;\hornetwrap{FGM};13.2;0.141;68.5;0.609;81.3;0.733;29.0;0.28;4.7;0.054;;;;
cifar10;$\ell_2$;C2;ART;\hornetwrap{FGM};13.2;0.141;68.5;0.609;81.3;0.733;29.0;0.28;4.7;0.054;;;;
cifar10;$\ell_2$;C2;ART;\hornetwrap{PGD};13.3;0.144;84.3;0.828;81.5;0.776;18.1;0.155;5.0;0.057;;;;
cifar10;$\ell_2$;C2;Torchattacks;\hornetwrap{PGD};4.9;0.056;69.3;0.647;77.7;0.756;23.8;0.225;1.5;0.018;;;;
cifar10;$\ell_2$;C2;DeepRobust;\hornetwrap{PGD};0.1;0.001;40.9;0.46;3.1;0.033;2.9;0.0;0.0;0.0;;;;
cifar10;$\ell_2$;C3;DeepRobust;\hornetwrap{FGM};94.9;0.886;80.8;0.788;99.9;0.263;91.1;0.745;92.1;0.903;;;;
cifar10;$\ell_2$;C3;CleverHans;\hornetwrap{PGD};100.0;0.86;89.2;0.815;100.0;0.444;99.6;0.641;93.1;0.931;;;;
cifar10;$\ell_2$;C3;Original;\hornetwrap{APGD};100.0;0.716;98.9;0.772;100.0;0.992;100.0;0.66;95.8;0.894;;;;
cifar10;$\ell_2$;C3;Foolbox;\hornetwrap{BIM};92.1;0.812;71.9;0.723;99.9;0.292;78.6;0.678;82.4;0.812;;;;
cifar10;$\ell_2$;C3;Foolbox;\hornetwrap{FGM};92.1;0.812;71.9;0.723;99.9;0.292;78.6;0.678;82.4;0.812;;;;
cifar10;$\ell_2$;C3;CleverHans;\hornetwrap{FGM};92.0;0.811;71.8;0.723;99.9;0.292;78.4;0.677;82.3;0.811;;;;
cifar10;$\ell_2$;C3;ART;\hornetwrap{FGM};92.1;0.812;71.8;0.723;99.9;0.292;78.3;0.675;82.3;0.811;;;;
cifar10;$\ell_2$;C3;AdvLib;\hornetwrap{APGD};100.0;0.669;99.7;0.804;100.0;0.974;100.0;0.595;93.8;0.862;;;;
cifar10;$\ell_2$;C3;Foolbox;\hornetwrap{PGD};100.0;0.625;98.9;0.786;100.0;0.948;99.8;0.571;94.5;0.866;;;;
cifar10;$\ell_2$;C3;ART;\hornetwrap{BIM};76.6;0.671;55.8;0.598;100.0;0.443;43.8;0.424;47.0;0.475;;;;
cifar10;$\ell_2$;C3;ART;\hornetwrap{PGD};49.7;0.467;32.2;0.383;100.0;0.445;24.6;0.26;19.7;0.21;;;;
cifar10;$\ell_2$;C3;Torchattacks;\hornetwrap{PGD};8.4;0.096;7.4;0.102;100.0;0.0;24.7;0.302;0.9;0.011;;;;
cifar10;$\ell_2$;C3;DeepRobust;\hornetwrap{PGD};0.3;0.004;0.3;0.004;82.8;0.54;10.2;0.086;0.0;0.001;;;;
cifar10;$\ell_2$;C4;CleverHans;\hornetwrap{PGD};100.0;0.886;99.9;0.803;100.0;0.855;100.0;0.561;95.9;0.847;;;;
cifar10;$\ell_2$;C4;Original;\hornetwrap{APGD};100.0;0.815;100.0;0.822;100.0;0.816;100.0;0.948;100.0;0.846;;;;
cifar10;$\ell_2$;C4;AdvLib;\hornetwrap{APGD};100.0;0.837;99.8;0.784;100.0;0.848;100.0;0.973;96.5;0.794;;;;
cifar10;$\ell_2$;C4;Foolbox;\hornetwrap{PGD};100.0;0.787;100.0;0.817;100.0;0.773;100.0;0.544;100.0;0.798;;;;
cifar10;$\ell_2$;C4;ART;\hornetwrap{BIM};85.6;0.731;79.1;0.769;95.4;0.741;95.6;0.577;83.1;0.774;;;;
cifar10;$\ell_2$;C4;ART;\hornetwrap{PGD};69.1;0.648;66.6;0.686;89.7;0.745;92.0;0.578;65.0;0.671;;;;
cifar10;$\ell_2$;C4;DeepRobust;\hornetwrap{FGM};83.9;0.594;75.2;0.617;98.0;0.814;91.3;0.316;74.8;0.464;;;;
cifar10;$\ell_2$;C4;Foolbox;\hornetwrap{FGM};74.8;0.59;67.2;0.608;91.5;0.688;87.8;0.364;63.7;0.482;;;;
cifar10;$\ell_2$;C4;Foolbox;\hornetwrap{BIM};74.8;0.59;67.2;0.608;91.5;0.688;87.8;0.364;63.7;0.482;;;;
cifar10;$\ell_2$;C4;ART;\hornetwrap{FGM};72.0;0.575;63.4;0.583;88.9;0.677;83.9;0.363;61.0;0.472;;;;
cifar10;$\ell_2$;C4;CleverHans;\hornetwrap{FGM};69.8;0.56;60.2;0.554;86.0;0.66;80.4;0.362;59.4;0.463;;;;
cifar10;$\ell_2$;C4;Torchattacks;\hornetwrap{PGD};2.3;0.029;9.4;0.114;13.2;0.144;32.5;0.291;1.4;0.02;;;;
cifar10;$\ell_2$;C4;DeepRobust;\hornetwrap{PGD};0.1;0.001;1.0;0.012;0.3;0.003;29.7;0.295;0.1;0.001;;;;
cifar10;$\ell_2$;C5;CleverHans;\hornetwrap{PGD};100.0;0.939;100.0;0.938;100.0;0.922;100.0;0.897;100.0;0.974;;;;
cifar10;$\ell_2$;C5;Original;\hornetwrap{APGD};100.0;0.925;99.9;0.923;100.0;0.905;100.0;0.9;100.0;0.987;;;;
cifar10;$\ell_2$;C5;Foolbox;\hornetwrap{PGD};100.0;0.933;99.6;0.906;100.0;0.917;100.0;0.888;100.0;0.972;;;;
cifar10;$\ell_2$;C5;ART;\hornetwrap{BIM};99.9;0.924;89.8;0.868;99.8;0.914;99.9;0.917;100.0;0.978;;;;
cifar10;$\ell_2$;C5;ART;\hornetwrap{PGD};99.8;0.926;85.6;0.845;99.5;0.915;99.7;0.919;100.0;0.974;;;;
cifar10;$\ell_2$;C5;AdvLib;\hornetwrap{APGD};100.0;0.92;100.0;0.795;100.0;0.905;100.0;0.774;100.0;0.984;;;;
cifar10;$\ell_2$;C5;Foolbox;\hornetwrap{BIM};79.5;0.457;76.8;0.688;94.1;0.727;92.1;0.67;79.1;0.418;;;;
cifar10;$\ell_2$;C5;CleverHans;\hornetwrap{FGM};79.5;0.457;76.8;0.688;94.1;0.727;92.2;0.67;79.1;0.418;;;;
cifar10;$\ell_2$;C5;Foolbox;\hornetwrap{FGM};79.5;0.457;76.8;0.688;94.1;0.727;92.1;0.67;79.1;0.418;;;;
cifar10;$\ell_2$;C5;ART;\hornetwrap{FGM};79.5;0.457;76.8;0.688;94.1;0.727;92.2;0.67;79.1;0.418;;;;
cifar10;$\ell_2$;C5;DeepRobust;\hornetwrap{FGM};85.6;0.472;81.9;0.685;96.5;0.732;95.1;0.647;83.1;0.409;;;;
cifar10;$\ell_2$;C5;Torchattacks;\hornetwrap{PGD};34.2;0.367;11.2;0.126;45.2;0.468;34.4;0.339;60.7;0.581;;;;
cifar10;$\ell_2$;C5;DeepRobust;\hornetwrap{PGD};11.2;0.126;6.3;0.072;20.5;0.223;21.7;0.203;55.5;0.587;;;;
cifar10;$\ell_2$;E;CleverHans;\hornetwrap{PGD};100.0;0.922;100.0;0.92;100.0;0.916;100.0;0.9;97.0;0.873;;;;
cifar10;$\ell_2$;E;Original;\hornetwrap{APGD};100.0;0.904;100.0;0.913;100.0;0.881;100.0;0.906;100.0;0.923;83.6;0.84;78.5;0.799
cifar10;$\ell_2$;E;Foolbox;\hornetwrap{PGD};100.0;0.91;100.0;0.901;100.0;0.876;100.0;0.894;100.0;0.905;90.5;0.912;80.6;0.82
cifar10;$\ell_2$;E;ART;\hornetwrap{BIM};100.0;0.904;95.5;0.902;100.0;0.885;100.0;0.921;88.5;0.815;;;;
cifar10;$\ell_2$;E;ART;\hornetwrap{PGD};99.9;0.905;91.1;0.884;100.0;0.885;99.7;0.922;68.9;0.692;;;;
cifar10;$\ell_2$;E;AdvLib;\hornetwrap{APGD};100.0;0.895;100.0;0.812;100.0;0.872;100.0;0.799;98.4;0.861;;;;
cifar10;$\ell_2$;E;DeepRobust;\hornetwrap{FGM};99.6;0.635;93.7;0.76;100.0;0.759;99.4;0.7;98.8;0.801;52.7;0.533;55.0;0.558
cifar10;$\ell_2$;E;Foolbox;\hornetwrap{FGM};98.2;0.549;91.1;0.767;100.0;0.795;97.7;0.713;98.1;0.775;;;;
cifar10;$\ell_2$;E;Foolbox;\hornetwrap{BIM};98.2;0.549;91.1;0.767;100.0;0.795;97.7;0.713;98.1;0.775;47.7;0.483;50.5;0.511
cifar10;$\ell_2$;E;ART;\hornetwrap{FGM};98.0;0.549;90.3;0.764;100.0;0.795;97.3;0.714;97.2;0.766;;;;
cifar10;$\ell_2$;E;CleverHans;\hornetwrap{FGM};97.9;0.548;89.9;0.76;99.9;0.795;97.1;0.714;95.5;0.748;;;;
cifar10;$\ell_2$;E;Torchattacks;\hornetwrap{PGD};35.5;0.384;18.3;0.208;82.5;0.762;40.3;0.405;2.7;0.037;;;;
cifar10;$\ell_2$;E;DeepRobust;\hornetwrap{PGD};11.4;0.131;6.9;0.081;22.7;0.23;24.5;0.238;0.2;0.002;;;;
cifar10;$\ell_1$;C1;Original;\hornetwrap{APGD};100.0;0.991;100.0;0.912;100.0;0.983;100.0;0.844;94.8;0.955;67.6;0.663;53.6;0.526
cifar10;$\ell_1$;C1;AdvLib;\hornetwrap{APGD};100.0;0.975;94.1;0.88;100.0;0.985;100.0;0.806;94.3;0.958;;;;
cifar10;$\ell_1$;C1;Foolbox;\hornetwrap{BIM};100.0;0.396;96.2;0.813;99.7;0.675;98.5;0.697;94.4;0.915;70.5;0.692;56.5;0.556
cifar10;$\ell_1$;C1;Foolbox;\hornetwrap{PGD};100.0;0.396;95.6;0.812;99.7;0.667;98.3;0.689;94.3;0.913;70.8;0.697;57.4;0.568
cifar10;$\ell_1$;C1;Foolbox;\hornetwrap{FGM};98.3;0.312;83.0;0.734;97.8;0.635;89.0;0.615;97.1;0.934;44.7;0.395;46.9;0.438
cifar10;$\ell_1$;C1;ART;\hornetwrap{FGM};98.3;0.312;83.1;0.733;97.7;0.633;88.7;0.61;97.1;0.933;;;;
cifar10;$\ell_1$;C1;ART;\hornetwrap{BIM};100.0;0.584;9.2;0.117;45.3;0.387;19.9;0.267;8.4;0.09;;;;
cifar10;$\ell_1$;C1;ART;\hornetwrap{PGD};100.0;0.581;5.4;0.07;27.6;0.252;17.8;0.242;3.6;0.039;;;;
cifar10;$\ell_1$;C1;CleverHans;\hornetwrap{FGM};2.6;0.029;0.2;0.003;3.1;0.031;4.7;0.066;0.3;0.004;;;;
cifar10;$\ell_1$;C2;Original;\hornetwrap{APGD};100.0;0.93;100.0;0.978;100.0;0.949;100.0;0.941;100.0;0.965;70.3;0.753;55.1;0.655
cifar10;$\ell_1$;C2;AdvLib;\hornetwrap{APGD};100.0;0.942;100.0;0.849;100.0;0.932;100.0;0.897;99.6;0.936;;;;
cifar10;$\ell_1$;C2;Foolbox;\hornetwrap{PGD};53.8;0.565;97.9;0.804;99.4;0.972;52.9;0.566;22.7;0.255;44.1;0.438;32.8;0.353
cifar10;$\ell_1$;C2;Foolbox;\hornetwrap{BIM};29.2;0.309;85.2;0.735;95.0;0.934;41.2;0.444;11.5;0.13;33.0;0.304;26.3;0.268
cifar10;$\ell_1$;C2;Foolbox;\hornetwrap{FGM};23.2;0.245;81.7;0.67;92.4;0.91;37.7;0.406;8.3;0.094;22.5;0.181;17.3;0.147
cifar10;$\ell_1$;C2;ART;\hornetwrap{FGM};23.2;0.245;81.7;0.67;92.4;0.91;37.7;0.406;8.3;0.094;;;;
cifar10;$\ell_1$;C2;ART;\hornetwrap{BIM};26.6;0.279;94.0;0.885;89.9;0.889;25.4;0.273;9.4;0.105;;;;
cifar10;$\ell_1$;C2;ART;\hornetwrap{PGD};22.3;0.236;91.5;0.862;88.1;0.873;23.3;0.252;7.4;0.084;;;;
cifar10;$\ell_1$;C2;CleverHans;\hornetwrap{FGM};0.5;0.005;9.8;0.104;1.5;0.015;5.4;0.06;0.2;0.002;;;;
cifar10;$\ell_1$;C3;Original;\hornetwrap{APGD};100.0;0.825;97.2;0.934;100.0;0.99;100.0;0.869;96.3;0.958;;;;
cifar10;$\ell_1$;C3;AdvLib;\hornetwrap{APGD};100.0;0.863;97.8;0.926;100.0;0.883;100.0;0.775;93.8;0.937;;;;
cifar10;$\ell_1$;C3;Foolbox;\hornetwrap{FGM};96.4;0.846;79.8;0.786;100.0;0.2;90.2;0.749;93.2;0.913;;;;
cifar10;$\ell_1$;C3;ART;\hornetwrap{FGM};96.4;0.846;79.8;0.786;100.0;0.2;90.2;0.749;93.2;0.913;;;;
cifar10;$\ell_1$;C3;Foolbox;\hornetwrap{PGD};99.0;0.517;96.5;0.9;100.0;0.316;97.5;0.544;94.7;0.869;;;;
cifar10;$\ell_1$;C3;Foolbox;\hornetwrap{BIM};98.9;0.517;94.6;0.888;100.0;0.323;97.6;0.544;94.9;0.872;;;;
cifar10;$\ell_1$;C3;ART;\hornetwrap{BIM};26.3;0.279;12.0;0.13;100.0;0.447;19.7;0.254;4.5;0.05;;;;
cifar10;$\ell_1$;C3;ART;\hornetwrap{PGD};10.0;0.111;6.3;0.068;100.0;0.445;16.0;0.21;1.5;0.016;;;;
cifar10;$\ell_1$;C3;CleverHans;\hornetwrap{FGM};1.4;0.016;0.1;0.001;3.7;0.042;4.8;0.065;0.2;0.002;;;;
cifar10;$\ell_1$;C4;Original;\hornetwrap{APGD};100.0;0.924;100.0;0.926;100.0;0.881;100.0;0.986;100.0;0.916;;;;
cifar10;$\ell_1$;C4;AdvLib;\hornetwrap{APGD};100.0;0.93;98.2;0.855;100.0;0.927;100.0;0.939;95.1;0.866;;;;
cifar10;$\ell_1$;C4;Foolbox;\hornetwrap{PGD};99.8;0.825;95.6;0.817;100.0;0.759;100.0;0.621;99.8;0.751;;;;
cifar10;$\ell_1$;C4;Foolbox;\hornetwrap{BIM};99.8;0.819;96.0;0.815;100.0;0.758;100.0;0.606;99.3;0.731;;;;
cifar10;$\ell_1$;C4;ART;\hornetwrap{BIM};69.1;0.644;68.5;0.685;90.6;0.724;93.9;0.702;64.3;0.629;;;;
cifar10;$\ell_1$;C4;Foolbox;\hornetwrap{FGM};84.3;0.661;76.3;0.682;96.6;0.669;92.7;0.5;77.3;0.513;;;;
cifar10;$\ell_1$;C4;ART;\hornetwrap{FGM};84.1;0.659;76.1;0.681;96.6;0.667;92.4;0.499;77.0;0.511;;;;
cifar10;$\ell_1$;C4;ART;\hornetwrap{PGD};32.9;0.33;48.8;0.504;74.6;0.658;80.2;0.648;29.8;0.321;;;;
cifar10;$\ell_1$;C4;CleverHans;\hornetwrap{FGM};0.5;0.006;0.2;0.002;1.4;0.016;6.2;0.067;0.3;0.004;;;;
cifar10;$\ell_1$;C5;Original;\hornetwrap{APGD};100.0;0.959;99.9;0.972;100.0;0.949;100.0;0.944;100.0;0.982;;;;
cifar10;$\ell_1$;C5;AdvLib;\hornetwrap{APGD};100.0;0.924;99.9;0.883;100.0;0.947;100.0;0.803;100.0;0.982;;;;
cifar10;$\ell_1$;C5;ART;\hornetwrap{BIM};99.9;0.811;86.5;0.829;99.7;0.783;99.8;0.941;100.0;0.713;;;;
cifar10;$\ell_1$;C5;ART;\hornetwrap{PGD};99.5;0.808;76.9;0.755;99.2;0.783;98.4;0.934;99.9;0.693;;;;
cifar10;$\ell_1$;C5;Foolbox;\hornetwrap{PGD};100.0;0.729;96.8;0.821;100.0;0.804;100.0;0.884;100.0;0.496;;;;
cifar10;$\ell_1$;C5;Foolbox;\hornetwrap{BIM};100.0;0.715;97.1;0.827;100.0;0.8;99.9;0.879;100.0;0.469;;;;
cifar10;$\ell_1$;C5;ART;\hornetwrap{FGM};86.8;0.388;86.8;0.76;96.8;0.614;95.9;0.763;84.2;0.27;;;;
cifar10;$\ell_1$;C5;Foolbox;\hornetwrap{FGM};86.8;0.388;86.8;0.76;96.8;0.614;96.0;0.763;84.2;0.27;;;;
cifar10;$\ell_1$;C5;CleverHans;\hornetwrap{FGM};1.4;0.016;0.7;0.007;2.4;0.027;5.9;0.063;1.4;0.016;;;;
cifar10;$\ell_1$;E;Original;\hornetwrap{APGD};100.0;0.961;100.0;0.964;100.0;0.976;100.0;0.947;100.0;0.967;86.0;0.862;78.9;0.803
cifar10;$\ell_1$;E;AdvLib;\hornetwrap{APGD};100.0;0.926;100.0;0.855;100.0;0.96;100.0;0.85;99.8;0.918;;;;
cifar10;$\ell_1$;E;Foolbox;\hornetwrap{PGD};100.0;0.775;99.7;0.785;100.0;0.937;100.0;0.883;99.9;0.809;83.7;0.845;71.3;0.727
cifar10;$\ell_1$;E;ART;\hornetwrap{BIM};100.0;0.827;91.6;0.847;100.0;0.927;99.8;0.924;65.8;0.625;;;;
cifar10;$\ell_1$;E;Foolbox;\hornetwrap{BIM};100.0;0.741;99.9;0.782;100.0;0.929;100.0;0.87;99.5;0.778;81.2;0.819;67.4;0.69
cifar10;$\ell_1$;E;ART;\hornetwrap{PGD};99.7;0.821;83.1;0.795;99.9;0.924;98.5;0.919;32.0;0.336;;;;
cifar10;$\ell_1$;E;Foolbox;\hornetwrap{FGM};99.6;0.514;93.9;0.758;100.0;0.909;99.1;0.774;98.7;0.749;56.0;0.569;55.2;0.564
cifar10;$\ell_1$;E;ART;\hornetwrap{FGM};99.6;0.514;93.8;0.758;100.0;0.909;99.2;0.775;98.7;0.748;;;;
cifar10;$\ell_1$;E;CleverHans;\hornetwrap{FGM};2.8;0.031;1.1;0.012;5.6;0.058;11.9;0.129;0.8;0.009;;;;
cifar10;$\ell_0$;C1;Original;\hornetwrap{PGD$_0$};100.0;1.0;95.7;1.0;99.4;1.0;100.0;1.0;90.6;1.0;74.5;1.0;61.0;1.0
cifar10;$\ell_0$;C2;Original;\hornetwrap{PGD$_0$};99.9;1.0;100.0;1.0;100.0;1.0;99.0;1.0;90.6;1.0;74.6;1.0;58.0;1.0
cifar10;$\ell_0$;C3;Original;\hornetwrap{PGD$_0$};100.0;1.0;93.2;1.0;100.0;1.0;99.9;1.0;91.3;1.0;;;;
cifar10;$\ell_0$;C4;Original;\hornetwrap{PGD$_0$};100.0;1.0;100.0;1.0;100.0;1.0;100.0;1.0;100.0;1.0;;;;
cifar10;$\ell_0$;C5;Original;\hornetwrap{PGD$_0$};100.0;1.0;99.2;1.0;100.0;1.0;100.0;1.0;100.0;1.0;;;;
cifar10;$\ell_0$;E;Original;\hornetwrap{PGD$_0$};100.0;1.0;100.0;1.0;100.0;1.0;100.0;1.0;100.0;1.0;93.3;1.0;82.3;1.0
cifar10;$\ell_\infty$;C1;CleverHans;\hornetwrap{PGD};100.0;0.731;93.5;0.914;99.9;0.934;97.8;0.822;93.5;0.963;69.5;0.67;53.5;0.51
cifar10;$\ell_\infty$;C1;ART;\hornetwrap{FGM};99.8;0.573;87.6;0.876;99.8;0.908;94.8;0.753;94.7;0.971;45.6;0.397;47.9;0.434
cifar10;$\ell_\infty$;C1;CleverHans;\hornetwrap{FGM};99.8;0.573;87.6;0.876;99.8;0.908;94.8;0.753;94.7;0.971;;;;
cifar10;$\ell_\infty$;C1;DeepRobust;\hornetwrap{FGM};99.8;0.573;87.6;0.876;99.8;0.908;94.8;0.753;94.7;0.971;;;;
cifar10;$\ell_\infty$;C1;Foolbox;\hornetwrap{FGM};99.8;0.573;87.6;0.876;99.8;0.908;94.8;0.753;94.7;0.971;;;;
cifar10;$\ell_\infty$;C1;Torchattacks;\hornetwrap{FGSM};99.8;0.573;87.6;0.876;99.8;0.908;94.8;0.753;94.7;0.971;;;;
cifar10;$\ell_\infty$;C1;Original;\hornetwrap{APGD};100.0;0.997;98.8;0.83;100.0;0.938;99.7;0.733;93.9;0.882;70.2;0.683;53.9;0.519
cifar10;$\ell_\infty$;C1;Torchattacks;\hornetwrap{APGD};100.0;0.997;98.8;0.829;100.0;0.937;99.7;0.733;94.0;0.882;;;;
cifar10;$\ell_\infty$;C1;ART;\hornetwrap{BIM};100.0;0.727;90.0;0.817;99.9;0.931;96.6;0.727;94.2;0.903;65.0;0.621;52.4;0.498
cifar10;$\ell_\infty$;C1;ART;\hornetwrap{PGD};100.0;0.726;86.7;0.8;99.9;0.93;91.5;0.684;94.2;0.903;58.0;0.546;52.7;0.502
cifar10;$\ell_\infty$;C1;AdvLib;\hornetwrap{APGD};100.0;0.987;96.4;0.82;100.0;0.921;98.1;0.679;93.2;0.888;;;;
cifar10;$\ell_\infty$;C1;AdvLib;\hornetwrap{PGD};100.0;0.978;93.5;0.731;100.0;0.943;97.8;0.553;94.1;0.846;;;;
cifar10;$\ell_\infty$;C1;Foolbox;\hornetwrap{PGD};100.0;0.87;92.6;0.714;100.0;0.947;96.4;0.487;94.0;0.831;;;;
cifar10;$\ell_\infty$;C1;DeepRobust;\hornetwrap{PGD};100.0;0.859;91.0;0.718;100.0;0.93;95.3;0.489;93.9;0.834;;;;
cifar10;$\ell_\infty$;C1;Torchattacks;\hornetwrap{PGD};100.0;0.89;89.8;0.717;100.0;0.934;94.6;0.481;93.8;0.83;;;;
cifar10;$\ell_\infty$;C1;Foolbox;\hornetwrap{BIM};100.0;0.938;90.9;0.694;99.9;0.87;95.4;0.512;94.7;0.831;;;;
cifar10;$\ell_\infty$;C1;Original;\hornetwrap{FGSM$_ga-tdmi$};100.0;0.0;70.7;0.634;91.8;0.526;88.2;0.599;90.7;0.852;;;;
cifar10;$\ell_\infty$;C1;Original;\hornetwrap{FGSM$_ga-dmi$};100.0;0.0;70.0;0.611;89.7;0.514;85.4;0.559;90.2;0.824;;;;
cifar10;$\ell_\infty$;C1;Original;\hornetwrap{FGSM_ga};100.0;0.0;5.8;0.07;40.5;0.402;16.7;0.161;5.5;0.063;;;;
cifar10;$\ell_\infty$;C2;CleverHans;\hornetwrap{PGD};99.3;0.846;99.0;0.875;100.0;0.952;99.8;0.831;99.9;0.899;74.3;0.691;63.0;0.585
cifar10;$\ell_\infty$;C2;ART;\hornetwrap{BIM};99.4;0.798;99.9;0.938;99.9;0.929;99.9;0.845;99.3;0.879;59.9;0.544;52.6;0.477
cifar10;$\ell_\infty$;C2;ART;\hornetwrap{PGD};99.4;0.798;99.9;0.937;99.9;0.929;99.8;0.84;99.3;0.876;59.2;0.537;51.2;0.464
cifar10;$\ell_\infty$;C2;Torchattacks;\hornetwrap{APGD};99.7;0.797;100.0;0.988;100.0;0.802;100.0;0.836;100.0;0.876;;;;
cifar10;$\ell_\infty$;C2;Original;\hornetwrap{APGD};99.7;0.797;100.0;0.988;100.0;0.802;100.0;0.836;100.0;0.876;68.9;0.659;51.7;0.483
cifar10;$\ell_\infty$;C2;DeepRobust;\hornetwrap{PGD};99.8;0.815;100.0;0.943;100.0;0.948;99.3;0.725;95.5;0.777;;;;
cifar10;$\ell_\infty$;C2;Foolbox;\hornetwrap{PGD};99.8;0.821;100.0;0.908;100.0;0.958;99.8;0.693;99.3;0.756;;;;
cifar10;$\ell_\infty$;C2;AdvLib;\hornetwrap{PGD};99.9;0.802;100.0;0.958;99.9;0.785;99.9;0.772;99.7;0.848;;;;
cifar10;$\ell_\infty$;C2;Torchattacks;\hornetwrap{PGD};99.6;0.814;99.9;0.926;100.0;0.952;98.5;0.681;94.8;0.75;;;;
cifar10;$\ell_\infty$;C2;ART;\hornetwrap{FGM};91.5;0.698;97.3;0.848;99.3;0.907;97.4;0.755;92.7;0.783;46.4;0.39;46.8;0.412
cifar10;$\ell_\infty$;C2;CleverHans;\hornetwrap{FGM};91.5;0.698;97.3;0.848;99.3;0.907;97.4;0.755;92.7;0.783;;;;
cifar10;$\ell_\infty$;C2;DeepRobust;\hornetwrap{FGM};91.5;0.698;97.3;0.848;99.3;0.907;97.4;0.755;92.7;0.783;;;;
cifar10;$\ell_\infty$;C2;Foolbox;\hornetwrap{FGM};91.5;0.698;97.3;0.848;99.3;0.907;97.4;0.755;92.7;0.783;;;;
cifar10;$\ell_\infty$;C2;Torchattacks;\hornetwrap{FGSM};91.5;0.698;97.3;0.848;99.3;0.907;97.4;0.755;92.7;0.783;;;;
cifar10;$\ell_\infty$;C2;Foolbox;\hornetwrap{BIM};99.5;0.671;99.9;0.93;99.9;0.912;99.9;0.76;99.7;0.736;;;;
cifar10;$\ell_\infty$;C2;AdvLib;\hornetwrap{APGD};99.9;0.757;100.0;0.926;100.0;0.765;99.8;0.697;99.8;0.759;;;;
cifar10;$\ell_\infty$;C2;Original;\hornetwrap{FGSM$_ga-dmi$};98.7;0.574;96.1;0.837;70.3;0.38;99.8;0.716;96.9;0.725;;;;
cifar10;$\ell_\infty$;C2;Original;\hornetwrap{FGSM$_ga-tdmi$};99.2;0.318;95.5;0.824;73.2;0.063;99.8;0.616;97.2;0.801;;;;
cifar10;$\ell_\infty$;C2;Original;\hornetwrap{FGSM_ga};10.6;0.123;31.8;0.339;11.4;0.108;29.1;0.285;4.5;0.061;;;;
cifar10;$\ell_\infty$;C3;ART;\hornetwrap{FGM};97.3;0.93;88.8;0.887;100.0;0.634;96.4;0.829;95.0;0.987;45.5;0.41;48.3;0.456
cifar10;$\ell_\infty$;C3;CleverHans;\hornetwrap{FGM};97.3;0.93;88.8;0.887;100.0;0.634;96.4;0.829;95.0;0.987;;;;
cifar10;$\ell_\infty$;C3;DeepRobust;\hornetwrap{FGM};97.3;0.93;88.8;0.887;100.0;0.634;96.4;0.829;95.0;0.987;;;;
cifar10;$\ell_\infty$;C3;Foolbox;\hornetwrap{FGM};97.3;0.93;88.8;0.887;100.0;0.634;96.4;0.829;95.0;0.987;;;;
cifar10;$\ell_\infty$;C3;Torchattacks;\hornetwrap{FGSM};97.3;0.93;88.8;0.887;100.0;0.634;96.4;0.829;95.0;0.987;;;;
cifar10;$\ell_\infty$;C3;CleverHans;\hornetwrap{PGD};95.6;0.827;93.1;0.895;100.0;0.825;98.3;0.685;93.7;0.936;64.1;0.617;49.8;0.476
cifar10;$\ell_\infty$;C3;Torchattacks;\hornetwrap{APGD};98.1;0.787;96.6;0.859;100.0;0.995;99.5;0.769;93.7;0.899;;;;
cifar10;$\ell_\infty$;C3;Original;\hornetwrap{APGD};98.0;0.786;96.7;0.859;100.0;0.995;99.5;0.768;93.7;0.899;67.7;0.657;53.6;0.52
cifar10;$\ell_\infty$;C3;ART;\hornetwrap{BIM};95.4;0.777;89.4;0.836;100.0;0.829;97.5;0.723;93.8;0.89;62.6;0.601;52.0;0.498
cifar10;$\ell_\infty$;C3;ART;\hornetwrap{PGD};95.5;0.764;87.5;0.827;100.0;0.828;94.3;0.67;93.7;0.885;55.6;0.521;50.2;0.48
cifar10;$\ell_\infty$;C3;AdvLib;\hornetwrap{APGD};99.5;0.704;96.2;0.81;100.0;0.982;99.0;0.656;93.6;0.859;;;;
cifar10;$\ell_\infty$;C3;AdvLib;\hornetwrap{PGD};99.5;0.77;91.8;0.748;100.0;0.979;97.0;0.616;92.9;0.849;;;;
cifar10;$\ell_\infty$;C3;Original;\hornetwrap{FGSM$_ga-dmi$};97.4;0.75;73.4;0.661;100.0;0.0;91.7;0.707;90.6;0.855;;;;
cifar10;$\ell_\infty$;C3;Foolbox;\hornetwrap{PGD};99.5;0.763;90.3;0.722;100.0;0.902;94.2;0.547;92.8;0.836;;;;
cifar10;$\ell_\infty$;C3;DeepRobust;\hornetwrap{PGD};99.4;0.76;88.0;0.726;100.0;0.827;93.6;0.543;92.9;0.838;;;;
cifar10;$\ell_\infty$;C3;Torchattacks;\hornetwrap{PGD};99.5;0.759;87.8;0.723;100.0;0.826;93.4;0.537;93.0;0.837;;;;
cifar10;$\ell_\infty$;C3;Original;\hornetwrap{FGSM$_ga-tdmi$};98.0;0.539;73.1;0.663;100.0;0.0;92.9;0.721;91.0;0.865;;;;
cifar10;$\ell_\infty$;C3;Foolbox;\hornetwrap{BIM};98.4;0.675;91.2;0.733;100.0;0.957;96.2;0.541;94.1;0.803;;;;
cifar10;$\ell_\infty$;C3;Original;\hornetwrap{FGSM_ga};34.5;0.354;6.0;0.071;100.0;0.0;17.3;0.165;4.2;0.05;;;;
cifar10;$\ell_\infty$;C4;CleverHans;\hornetwrap{PGD};98.8;0.912;91.4;0.822;100.0;0.968;99.6;0.645;99.1;0.944;78.4;0.682;66.1;0.58
cifar10;$\ell_\infty$;C4;ART;\hornetwrap{BIM};99.9;0.873;98.9;0.831;100.0;0.967;99.7;0.664;99.7;0.906;75.7;0.664;65.7;0.578
cifar10;$\ell_\infty$;C4;ART;\hornetwrap{PGD};99.8;0.863;97.6;0.822;100.0;0.966;99.7;0.654;99.2;0.896;75.6;0.659;66.2;0.582
cifar10;$\ell_\infty$;C4;Original;\hornetwrap{APGD};99.9;0.87;99.2;0.804;100.0;0.864;100.0;0.962;99.9;0.922;79.9;0.778;64.8;0.62
cifar10;$\ell_\infty$;C4;Torchattacks;\hornetwrap{APGD};99.9;0.87;99.1;0.805;100.0;0.864;100.0;0.962;99.9;0.922;;;;
cifar10;$\ell_\infty$;C4;ART;\hornetwrap{FGM};94.3;0.818;88.5;0.797;99.7;0.951;96.0;0.551;93.8;0.874;45.3;0.341;47.0;0.369
cifar10;$\ell_\infty$;C4;CleverHans;\hornetwrap{FGM};94.3;0.818;88.5;0.797;99.7;0.951;96.0;0.551;93.8;0.874;;;;
cifar10;$\ell_\infty$;C4;DeepRobust;\hornetwrap{FGM};94.3;0.818;88.5;0.797;99.7;0.951;96.0;0.551;93.8;0.874;;;;
cifar10;$\ell_\infty$;C4;Foolbox;\hornetwrap{FGM};94.3;0.818;88.5;0.797;99.7;0.951;96.0;0.551;93.8;0.874;;;;
cifar10;$\ell_\infty$;C4;Torchattacks;\hornetwrap{FGSM};94.3;0.818;88.5;0.797;99.7;0.951;96.0;0.551;93.8;0.874;;;;
cifar10;$\ell_\infty$;C4;AdvLib;\hornetwrap{APGD};99.7;0.859;96.8;0.737;100.0;0.88;100.0;0.983;95.0;0.862;;;;
cifar10;$\ell_\infty$;C4;Foolbox;\hornetwrap{PGD};99.9;0.859;98.1;0.684;100.0;0.967;99.7;0.533;99.2;0.824;;;;
cifar10;$\ell_\infty$;C4;DeepRobust;\hornetwrap{PGD};99.8;0.837;90.6;0.714;100.0;0.951;99.5;0.613;94.6;0.83;;;;
cifar10;$\ell_\infty$;C4;Torchattacks;\hornetwrap{PGD};99.8;0.839;89.4;0.695;100.0;0.952;99.1;0.566;94.4;0.82;;;;
cifar10;$\ell_\infty$;C4;Foolbox;\hornetwrap{BIM};99.8;0.777;96.4;0.716;100.0;0.934;99.9;0.613;99.0;0.824;;;;
cifar10;$\ell_\infty$;C4;AdvLib;\hornetwrap{PGD};99.9;0.813;99.2;0.75;99.9;0.797;100.0;0.863;99.8;0.88;;;;
cifar10;$\ell_\infty$;C4;Original;\hornetwrap{FGSM$_ga-dmi$};98.0;0.579;78.1;0.626;79.0;0.59;99.5;0.357;96.3;0.697;;;;
cifar10;$\ell_\infty$;C4;Original;\hornetwrap{FGSM$_ga-tdmi$};98.3;0.593;77.2;0.579;79.6;0.596;99.5;0.381;96.2;0.711;;;;
cifar10;$\ell_\infty$;C4;Original;\hornetwrap{FGSM_ga};11.6;0.125;10.6;0.127;16.8;0.165;26.3;0.218;4.6;0.054;;;;
cifar10;$\ell_\infty$;C5;ART;\hornetwrap{PGD};100.0;0.956;99.1;0.921;100.0;0.958;100.0;0.93;100.0;0.968;51.8;0.448;49.8;0.437
cifar10;$\ell_\infty$;C5;ART;\hornetwrap{BIM};100.0;0.955;98.7;0.92;100.0;0.956;100.0;0.929;100.0;0.969;51.7;0.445;51.3;0.456
cifar10;$\ell_\infty$;C5;DeepRobust;\hornetwrap{PGD};100.0;0.97;99.7;0.907;100.0;0.945;99.9;0.917;100.0;0.97;;;;
cifar10;$\ell_\infty$;C5;Torchattacks;\hornetwrap{PGD};100.0;0.966;100.0;0.876;100.0;0.943;100.0;0.902;100.0;0.962;;;;
cifar10;$\ell_\infty$;C5;Foolbox;\hornetwrap{BIM};100.0;0.91;99.7;0.912;100.0;0.924;100.0;0.921;100.0;0.923;;;;
cifar10;$\ell_\infty$;C5;CleverHans;\hornetwrap{PGD};100.0;0.936;99.9;0.883;100.0;0.961;100.0;0.85;100.0;0.929;61.2;0.547;55.5;0.495
cifar10;$\ell_\infty$;C5;Foolbox;\hornetwrap{PGD};100.0;0.898;99.2;0.873;100.0;0.965;100.0;0.849;100.0;0.866;;;;
cifar10;$\ell_\infty$;C5;Torchattacks;\hornetwrap{APGD};100.0;0.92;99.4;0.911;100.0;0.805;100.0;0.886;100.0;0.987;;;;
cifar10;$\ell_\infty$;C5;Original;\hornetwrap{APGD};100.0;0.92;99.5;0.911;100.0;0.805;100.0;0.886;100.0;0.987;64.6;0.6;65.7;0.623
cifar10;$\ell_\infty$;C5;AdvLib;\hornetwrap{APGD};100.0;0.905;99.5;0.793;100.0;0.804;100.0;0.805;100.0;0.991;;;;
cifar10;$\ell_\infty$;C5;ART;\hornetwrap{FGM};93.2;0.592;95.6;0.861;99.7;0.925;97.9;0.788;91.0;0.604;44.5;0.353;44.8;0.369
cifar10;$\ell_\infty$;C5;CleverHans;\hornetwrap{FGM};93.2;0.592;95.6;0.861;99.7;0.925;97.9;0.788;91.0;0.604;;;;
cifar10;$\ell_\infty$;C5;DeepRobust;\hornetwrap{FGM};93.2;0.592;95.6;0.861;99.7;0.925;97.9;0.788;91.0;0.604;;;;
cifar10;$\ell_\infty$;C5;Foolbox;\hornetwrap{FGM};93.2;0.592;95.6;0.861;99.7;0.925;97.9;0.788;91.0;0.604;;;;
cifar10;$\ell_\infty$;C5;Torchattacks;\hornetwrap{FGSM};93.2;0.592;95.6;0.861;99.7;0.925;97.9;0.788;91.0;0.604;;;;
cifar10;$\ell_\infty$;C5;AdvLib;\hornetwrap{PGD};100.0;0.799;100.0;0.854;100.0;0.705;100.0;0.791;100.0;0.873;;;;
cifar10;$\ell_\infty$;C5;Original;\hornetwrap{FGSM$_ga-tdmi$};100.0;0.58;88.5;0.777;91.9;0.572;99.9;0.728;99.7;0.676;;;;
cifar10;$\ell_\infty$;C5;Original;\hornetwrap{FGSM$_ga-dmi$};100.0;0.577;87.9;0.775;91.8;0.571;100.0;0.719;99.8;0.674;;;;
cifar10;$\ell_\infty$;C5;Original;\hornetwrap{FGSM_ga};65.5;0.604;16.3;0.186;29.0;0.289;61.5;0.592;67.7;0.646;;;;
cifar10;$\ell_\infty$;E;ART;\hornetwrap{BIM};100.0;0.92;100.0;0.926;100.0;0.972;100.0;0.928;100.0;0.879;99.2;0.919;98.1;0.862
cifar10;$\ell_\infty$;E;ART;\hornetwrap{PGD};100.0;0.92;99.9;0.924;100.0;0.972;100.0;0.929;100.0;0.874;99.0;0.88;97.6;0.852
cifar10;$\ell_\infty$;E;CleverHans;\hornetwrap{PGD};100.0;0.906;99.9;0.893;100.0;0.976;100.0;0.874;100.0;0.956;99.3;0.935;98.6;0.867
cifar10;$\ell_\infty$;E;ART;\hornetwrap{FGM};100.0;0.822;97.2;0.91;100.0;0.972;100.0;0.846;98.8;0.959;94.9;0.767;95.1;0.794
cifar10;$\ell_\infty$;E;CleverHans;\hornetwrap{FGM};100.0;0.822;97.2;0.91;100.0;0.972;100.0;0.846;98.8;0.959;;;;
cifar10;$\ell_\infty$;E;DeepRobust;\hornetwrap{FGM};100.0;0.822;97.2;0.91;100.0;0.972;100.0;0.846;98.8;0.959;;;;
cifar10;$\ell_\infty$;E;Foolbox;\hornetwrap{FGM};100.0;0.822;97.2;0.91;100.0;0.972;100.0;0.846;98.8;0.959;;;;
cifar10;$\ell_\infty$;E;Torchattacks;\hornetwrap{FGSM};100.0;0.822;97.2;0.91;100.0;0.972;100.0;0.846;98.8;0.959;;;;
cifar10;$\ell_\infty$;E;Original;\hornetwrap{APGD};100.0;0.869;100.0;0.91;100.0;0.943;100.0;0.906;100.0;0.88;96.4;0.907;98.4;0.905
cifar10;$\ell_\infty$;E;Torchattacks;\hornetwrap{APGD};100.0;0.869;100.0;0.909;100.0;0.942;100.0;0.907;100.0;0.88;;;;
cifar10;$\ell_\infty$;E;DeepRobust;\hornetwrap{PGD};100.0;0.928;99.9;0.895;100.0;0.967;100.0;0.917;96.8;0.769;;;;
cifar10;$\ell_\infty$;E;Torchattacks;\hornetwrap{PGD};100.0;0.923;100.0;0.864;100.0;0.967;100.0;0.902;96.1;0.745;;;;
cifar10;$\ell_\infty$;E;Foolbox;\hornetwrap{BIM};100.0;0.846;100.0;0.907;100.0;0.946;100.0;0.92;100.0;0.772;;;;
cifar10;$\ell_\infty$;E;AdvLib;\hornetwrap{APGD};100.0;0.845;100.0;0.816;100.0;0.933;100.0;0.839;99.8;0.821;;;;
cifar10;$\ell_\infty$;E;Foolbox;\hornetwrap{PGD};100.0;0.819;100.0;0.852;100.0;0.967;100.0;0.85;99.8;0.745;;;;
cifar10;$\ell_\infty$;E;AdvLib;\hornetwrap{PGD};100.0;0.721;100.0;0.848;100.0;0.941;100.0;0.83;100.0;0.833;;;;
cifar10;$\ell_\infty$;E;Original;\hornetwrap{FGSM$_ga-tdmi$};100.0;0.0;97.6;0.769;99.5;0.0;100.0;0.742;99.9;0.875;;;;
cifar10;$\ell_\infty$;E;Original;\hornetwrap{FGSM$_ga-dmi$};100.0;0.0;98.1;0.826;99.5;0.0;100.0;0.735;100.0;0.768;;;;
cifar10;$\ell_\infty$;E;Original;\hornetwrap{FGSM_ga};69.9;0.59;22.0;0.25;53.2;0.502;65.8;0.631;9.8;0.118;;;;